metrics_key,episode,total_reward,average_rolling_reward,loss,duration,epsilon,steps,learning_rate
20240511235615,1,25.0,25.0,,0.5204572677612305,1.0,25,0.001
20240511235615,2,12.0,18.5,,0.26235532760620117,0.99,12,0.001
20240511235615,3,15.0,17.333333333333332,,0.3203279972076416,0.9801,15,0.001
20240511235615,4,23.0,18.75,,0.4815843105316162,0.9702989999999999,23,0.001
20240511235615,5,12.0,17.4,,0.26645350456237793,0.96059601,12,0.001
20240511235615,6,22.0,18.166666666666668,,0.4601724147796631,0.9509900498999999,22,0.001
20240511235615,7,12.0,17.285714285714285,,0.2626194953918457,0.9414801494009999,12,0.001
20240511235615,8,10.0,16.375,,0.22107887268066406,0.9320653479069899,10,0.001
20240511235615,9,52.0,20.333333333333332,,1.068105936050415,0.92274469442792,52,0.001
20240511235615,10,28.0,21.1,,0.582726001739502,0.9135172474836407,28,0.001
20240511235615,11,22.0,21.181818181818183,,0.4620523452758789,0.9043820750088043,22,0.001
20240511235615,12,10.0,20.25,,0.22481536865234375,0.8953382542587163,10,0.001
20240511235615,13,9.0,19.384615384615383,,0.2000560760498047,0.8863848717161291,9,0.001
20240511235615,14,12.0,18.857142857142858,,0.260040283203125,0.8775210229989678,12,0.001
20240511235615,15,12.0,18.4,,0.2627542018890381,0.8687458127689781,12,0.001
20240511235615,16,12.0,18.0,,0.2609684467315674,0.8600583546412883,12,0.001
20240511235615,17,23.0,18.294117647058822,,0.4818565845489502,0.8514577710948754,23,0.001
20240511235615,18,31.0,19.0,,0.6432204246520996,0.8429431933839266,31,0.001
20240511235615,19,24.0,19.263157894736842,,0.5014286041259766,0.8345137614500874,24,0.001
20240511235615,20,13.0,18.95,,0.2814316749572754,0.8261686238355865,13,0.001
20240511235615,21,11.0,18.571428571428573,,0.24138402938842773,0.8179069375972307,11,0.001
20240511235615,22,12.0,18.272727272727273,,0.2601313591003418,0.8097278682212583,12,0.001
20240511235615,23,23.0,18.47826086956522,,0.4848635196685791,0.8016305895390458,23,0.001
20240511235615,24,11.0,18.166666666666668,,0.24213314056396484,0.7936142836436553,11,0.001
20240511235615,25,13.0,17.96,,0.28171539306640625,0.7856781408072188,13,0.001
20240511235615,26,14.0,17.807692307692307,,0.30093955993652344,0.7778213593991465,14,0.001
20240511235615,27,14.0,17.666666666666668,,0.30021023750305176,0.7700431458051551,14,0.001
20240511235615,28,10.0,17.392857142857142,,0.21936631202697754,0.7623427143471035,10,0.001
20240511235615,29,15.0,17.310344827586206,,0.3215522766113281,0.7547192872036325,15,0.001
20240511235615,30,32.0,17.8,0.756812741592185,0.6636419296264648,0.7471720943315961,32,0.001
20240511235615,31,26.0,18.06451612903226,0.48429508712450153,0.5227310657501221,0.7397003733882802,26,0.001
20240511235615,32,9.0,17.78125,0.27757937100012015,0.18329119682312012,0.7323033696543974,9,0.001
20240511235615,33,9.0,17.515151515151516,0.27112510773329446,0.18192172050476074,0.7249803359578534,9,0.001
20240511235615,34,22.0,17.647058823529413,0.20414364025260787,0.4436931610107422,0.7177305325982748,22,0.001
20240511235615,35,9.0,17.4,0.1459427354414034,0.18245983123779297,0.7105532272722921,9,0.001
20240511235615,36,18.0,17.416666666666668,0.14904826096706952,0.3669850826263428,0.7034476949995692,18,0.001
20240511235615,37,10.0,17.216216216216218,0.14548973583306085,0.20261836051940918,0.6964132180495735,10,0.001
20240511235615,38,32.0,17.605263157894736,0.14131628002389474,0.6423702239990234,0.6894490858690777,32,0.001
20240511235615,39,12.0,17.46153846153846,0.1276830608762695,0.2415149211883545,0.682554595010387,12,0.001
20240511235615,40,12.0,17.325,0.13669533767148026,0.24430227279663086,0.6757290490602831,12,0.001
20240511235615,41,34.0,17.73170731707317,0.12715042980735974,0.6815345287322998,0.6689717585696803,34,0.001
20240511235615,42,18.0,17.738095238095237,0.13036061981769395,0.3619577884674072,0.6622820409839835,18,0.001
20240511235615,43,14.0,17.651162790697676,0.1086559327391346,0.2818739414215088,0.6556592205741436,14,0.001
20240511235615,44,12.0,17.522727272727273,0.1562941187525127,0.24275970458984375,0.6491026283684022,12,0.001
20240511235615,45,15.0,17.466666666666665,0.14891645525900776,0.302473783493042,0.6426116020847181,15,0.001
20240511235615,46,44.0,18.043478260869566,0.17337554289312568,0.8844566345214844,0.6361854860638709,44,0.001
20240511235615,47,15.0,17.97872340425532,0.1622757185122871,0.30199670791625977,0.6298236312032323,15,0.001
20240511235615,48,40.0,18.4375,0.12532472323630325,0.8062775135040283,0.6235253948912,40,0.001
20240511235615,49,27.0,18.612244897959183,0.16662098910015344,0.5424716472625732,0.617290140942288,27,0.001
20240511235615,50,24.0,18.72,0.1281496255158022,0.48240160942077637,0.6111172395328651,24,0.001
20240511235615,51,19.0,18.725490196078432,0.13992826850790052,0.3837087154388428,0.6050060671375365,19,0.001
20240511235615,52,36.0,19.057692307692307,0.17071353976509754,0.7279329299926758,0.5989560064661611,36,0.001
20240511235615,53,15.0,18.9811320754717,0.1847712493071177,0.30132007598876953,0.5929664464014994,15,0.001
20240511235615,54,38.0,19.333333333333332,0.1495469354195017,0.7631814479827881,0.5870367819374844,38,0.001
20240511235615,55,19.0,19.327272727272728,0.16477482638902205,0.3812828063964844,0.5811664141181095,19,0.001
20240511235615,56,15.0,19.25,0.15489446686739863,0.3040642738342285,0.5753547499769285,15,0.001
20240511235615,57,34.0,19.50877192982456,0.19778780581564975,0.6857714653015137,0.5696012024771592,34,0.001
20240511235615,58,17.0,19.46551724137931,0.17097473080296274,0.34029197692871094,0.5639051904523876,17,0.001
20240511235615,59,19.0,19.45762711864407,0.1955443442574124,0.38453149795532227,0.5582661385478638,19,0.001
20240511235615,60,25.0,19.55,0.1960235255347227,0.502408504486084,0.5526834771623851,25,0.001
20240511235615,61,34.0,19.78688524590164,0.2883172374481361,0.6857385635375977,0.5471566423907612,34,0.001
20240511235615,62,21.0,19.806451612903224,0.26181954938939606,0.422544002532959,0.5416850759668536,21,0.001
20240511235615,63,37.0,20.07936507936508,0.17684818846016823,0.7432520389556885,0.536268225207185,37,0.001
20240511235615,64,38.0,20.359375,0.16719529046248105,0.7669200897216797,0.5309055429551132,38,0.001
20240511235615,65,40.0,20.661538461538463,0.14671152317652303,0.8068978786468506,0.525596487525562,40,0.001
20240511235615,66,27.0,20.757575757575758,0.18445890115015115,0.5458023548126221,0.5203405226503064,27,0.001
20240511235615,67,20.0,20.746268656716417,0.20178137450330158,0.4034900665283203,0.5151371174238033,20,0.001
20240511235615,68,23.0,20.779411764705884,0.15860062733869063,0.46244287490844727,0.5099857462495653,23,0.001
20240511235615,69,21.0,20.782608695652176,0.18712231888050768,0.4230954647064209,0.5048858887870696,21,0.001
20240511235615,70,30.0,20.914285714285715,0.18378945928078044,0.6051928997039795,0.4998370298991989,30,0.001
20240511235615,71,68.0,21.577464788732396,0.13717617111410457,1.3679890632629395,0.49483865960020695,68,0.001
20240511235615,72,44.0,21.88888888888889,0.1463662693266921,0.8867738246917725,0.4898902730042049,44,0.001
20240511235615,73,47.0,22.232876712328768,0.13833234973700834,0.9462671279907227,0.48499137027416284,47,0.001
20240511235615,74,12.0,22.094594594594593,0.13896456283342706,0.24308991432189941,0.4801414565714212,12,0.001
20240511235615,75,53.0,22.506666666666668,0.1430220855590114,1.0650620460510254,0.475340042005707,53,0.001
20240511235615,76,63.0,23.039473684210527,0.15490281238353493,1.2689745426177979,0.47058664158564995,63,0.001
20240511235615,77,95.0,23.974025974025974,0.1384224328879343,1.9108610153198242,0.4658807751697934,95,0.001
20240511235615,78,110.0,25.076923076923077,0.11763220923984861,2.2099242210388184,0.4612219674180955,110,0.001
20240511235615,79,112.0,26.17721518987342,0.20547077306379483,2.250303030014038,0.45660974774391455,112,0.001
20240511235615,80,24.0,26.15,0.11735563892377311,0.48189234733581543,0.4520436502664754,24,0.001
20240511235615,81,33.0,26.234567901234566,0.1455802323387886,0.6617741584777832,0.44752321376381066,33,0.001
20240511235615,82,144.0,27.670731707317074,0.13016164008702402,2.89166259765625,0.44304798162617254,144,0.001
20240511235615,83,49.0,27.927710843373493,0.16227502475869365,0.9899647235870361,0.4386175018099108,49,0.001
20240511235615,84,61.0,28.321428571428573,0.11874139390077301,1.23081374168396,0.4342313267918117,61,0.001
20240511235615,85,74.0,28.858823529411765,0.11538096418144912,1.488375186920166,0.4298890135238936,74,0.001
20240511235615,86,38.0,28.96511627906977,0.10064132812990875,0.7633981704711914,0.42559012338865465,38,0.001
20240511235615,87,44.0,29.137931034482758,0.1912304142313738,0.8907139301300049,0.4213342221547681,44,0.001
20240511235615,88,64.0,29.53409090909091,0.12708192196530765,1.2877271175384521,0.41712087993322045,64,0.001
20240511235615,89,84.0,30.146067415730336,0.1809197871796243,1.687046766281128,0.41294967113388825,84,0.001
20240511235615,90,96.0,30.877777777777776,0.16161837572665688,1.9335179328918457,0.40882017442254937,96,0.001
20240511235615,91,32.0,30.89010989010989,0.16759686446638647,0.6435093879699707,0.4047319726783239,32,0.001
20240511235615,92,122.0,31.880434782608695,0.09953026958174074,2.448181390762329,0.40068465295154065,122,0.001
20240511235615,93,33.0,31.892473118279568,0.15656674512447327,0.6635689735412598,0.39667780642202527,33,0.001
20240511235615,94,50.0,32.08510638297872,0.12036885779710886,1.005509376525879,0.392711028357805,50,0.001
20240511235615,95,107.0,32.873684210526314,0.14714777649322297,2.151547908782959,0.38878391807422696,107,0.001
20240511235615,96,144.0,34.03125,0.07858050203120398,2.8917155265808105,0.3848960788934847,144,0.001
20240511235615,97,98.0,34.69072164948454,0.08928164416782745,1.9716272354125977,0.38104711810454983,98,0.001
20240511235615,98,166.0,36.03061224489796,0.14728542772149275,3.3355138301849365,0.37723664692350434,166,0.001
20240511235615,99,56.0,36.23232323232323,0.13128245989085519,1.1274607181549072,0.37346428045426927,56,0.001
20240511235615,100,280.0,38.67,0.09861393855288969,5.63286566734314,0.36972963764972655,280,0.001
20240511235615,101,411.0,42.53,0.09997551890808225,8.267254114151001,0.36603234127322926,411,0.001
20240511235615,102,99.0,43.4,0.10462908085337085,1.9948596954345703,0.36237201786049694,99,0.001
20240511235615,103,122.0,44.47,0.09393293014166927,2.4477269649505615,0.358748297681892,122,0.001
20240511235615,104,224.0,46.48,0.09007855692380592,4.4982078075408936,0.35516081470507305,224,0.001
20240511235615,105,132.0,47.68,0.12439558591055627,2.65885591506958,0.3516092065580223,132,0.001
20240511235615,106,21.0,47.67,0.07230215570360284,0.42142462730407715,0.34809311449244207,21,0.001
20240511235615,107,110.0,48.65,0.09776635069986533,2.2082886695861816,0.34461218334751764,110,0.001
20240511235615,108,53.0,49.08,0.07262261895345161,1.0630991458892822,0.34116606151404244,53,0.001
20240511235615,109,143.0,49.99,0.09168600332464191,2.8807826042175293,0.337754400898902,143,0.001
20240511235615,110,146.0,51.17,0.07286395324880418,2.933422565460205,0.334376856889913,146,0.001
20240511235615,111,217.0,53.12,0.10446533972659236,4.363890171051025,0.33103308832101386,217,0.001
20240511235615,112,279.0,55.81,0.07788895934702245,5.612012624740601,0.3277227574378037,279,0.001
20240511235615,113,136.0,57.08,0.06344313495759263,2.742791175842285,0.3244455298634257,136,0.001
20240511235615,114,83.0,57.79,0.0774871294577015,1.6686527729034424,0.3212010745647914,83,0.001
20240511235615,115,117.0,58.84,0.12035393649213545,2.3561198711395264,0.3179890638191435,117,0.001
20240511235615,116,110.0,59.82,0.050388418234152646,2.207758903503418,0.31480917318095203,110,0.001
20240511235615,117,162.0,61.21,0.09031991022268836,3.2565677165985107,0.3116610814491425,162,0.001
20240511235615,118,146.0,62.36,0.12470290502745128,2.933389186859131,0.30854447063465107,146,0.001
20240511235615,119,163.0,63.75,0.09718276151796433,3.2783713340759277,0.30545902592830454,163,0.001
20240511235615,120,165.0,65.27,0.08867422690823412,3.3170785903930664,0.3024044356690215,165,0.001
20240511235615,121,167.0,66.83,0.09460435650099899,3.36259388923645,0.29938039131233124,167,0.001
20240511235615,122,125.0,67.96,0.08076629130406834,2.515268087387085,0.2963865873992079,125,0.001
20240511235615,123,153.0,69.26,0.09530346983861454,3.0790300369262695,0.29342272152521587,153,0.001
20240511235615,124,89.0,70.04,0.06861049482392051,1.7950069904327393,0.2904884943099637,89,0.001
20240511235615,125,111.0,71.02,0.09018938348280243,2.2349491119384766,0.28758360936686406,111,0.001
20240511235615,126,85.0,71.73,0.04939746889676933,1.706606149673462,0.2847077732731954,85,0.001
20240511235615,127,152.0,73.11,0.04695719946152444,3.0539968013763428,0.28186069554046345,152,0.001
20240511235615,128,196.0,74.97,0.04481929144914601,3.9394733905792236,0.2790420885850588,196,0.001
20240511235615,129,173.0,76.55,0.045757860386464094,3.4829306602478027,0.2762516676992082,173,0.001
20240511235615,130,276.0,78.99,0.059735131612265756,5.545114278793335,0.27348915102221616,276,0.001
20240511235615,131,146.0,80.19,0.05624927887182502,2.9407784938812256,0.270754259511994,146,0.001
20240511235615,132,98.0,81.08,0.06022565365637615,1.971573829650879,0.26804671691687404,98,0.001
20240511235615,133,136.0,82.35,0.06975330083182492,2.7276077270507812,0.2653662497477053,136,0.001
20240511235615,134,404.0,86.17,0.03614200252825891,8.11409592628479,0.2627125872502282,404,0.001
20240511235615,135,76.0,86.84,0.03129838642861918,1.5307929515838623,0.2600854613777259,76,0.001
20240511235615,136,136.0,88.02,0.06540839467702375,2.735182285308838,0.2574846067639487,136,0.001
20240511235615,137,52.0,88.44,0.10826775245532777,1.04842209815979,0.2549097606963092,52,0.001
20240511235615,138,141.0,89.53,0.0464943996762316,2.832531690597534,0.2523606630893461,141,0.001
20240511235615,139,161.0,91.02,0.05478460268461995,3.240647792816162,0.24983705645845267,161,0.001
20240511235615,140,232.0,93.22,0.0234582335711839,4.667611837387085,0.24733868589386815,232,0.001
20240511235615,141,172.0,94.6,0.08911781070840452,3.456724166870117,0.24486529903492946,172,0.001
20240511235615,142,107.0,95.49,0.08949679868191221,2.1545536518096924,0.24241664604458016,107,0.001
20240511235615,143,166.0,97.01,0.0857188996448346,3.3422913551330566,0.23999247958413436,166,0.001
20240511235615,144,63.0,97.52,0.05712190107150721,1.2664713859558105,0.23759255478829303,63,0.001
20240511235615,145,174.0,99.11,0.10313812539204566,3.499927043914795,0.2352166292404101,174,0.001
20240511235615,146,187.0,100.54,0.021253838553869187,3.7593884468078613,0.232864462948006,187,0.001
20240511235615,147,107.0,101.46,0.01879963142275868,2.150756359100342,0.23053581831852593,107,0.001
20240511235615,148,460.0,105.66,0.04482730654993346,9.250105381011963,0.22823046013534068,460,0.001
20240511235615,149,296.0,108.35,0.09616000253534092,5.9513115882873535,0.22594815553398728,296,0.001
20240511235615,150,80.0,108.91,0.08246793376113765,1.606971263885498,0.22368867397864742,80,0.001
20240511235615,151,44.0,109.16,0.01849331541647156,0.8875851631164551,0.22145178723886094,44,0.001
20240511235615,152,284.0,111.64,0.04843522739303785,5.708536386489868,0.21923726936647234,284,0.001
20240511235615,153,236.0,113.85,0.042946946589961836,4.748918771743774,0.2170448966728076,236,0.001
20240511235615,154,158.0,115.05,0.02503666953479937,3.1806747913360596,0.21487444770607952,158,0.001
20240511235615,155,226.0,117.12,0.0750493603576812,4.547128677368164,0.21272570322901874,226,0.001
20240511235615,156,56.0,117.53,0.0390658184251898,1.1269395351409912,0.21059844619672854,56,0.001
20240511235615,157,142.0,118.61,0.040040102070558255,2.861215829849243,0.20849246173476127,142,0.001
20240511235615,158,222.0,120.66,0.11604436891482875,4.467359304428101,0.20640753711741366,222,0.001
20240511235615,159,101.0,121.48,0.05133742747894887,2.0333564281463623,0.20434346174623952,101,0.001
20240511235615,160,116.0,122.39,0.06975753760595357,2.3372714519500732,0.20230002712877712,116,0.001
20240511235615,161,173.0,123.78,0.06685994248319199,3.482922315597534,0.20027702685748935,173,0.001
20240511235615,162,284.0,126.41,0.03511415295719096,5.727356433868408,0.19827425658891445,284,0.001
20240511235615,163,226.0,128.3,0.0678436128296648,4.551029920578003,0.1962915140230253,226,0.001
20240511235615,164,245.0,130.37,0.018562492295032686,4.925548791885376,0.19432859888279505,245,0.001
20240511235615,165,401.0,133.98,0.046858559240765756,8.070468187332153,0.1923853128939671,401,0.001
20240511235615,166,248.0,136.19,0.03721902610510289,4.994993209838867,0.19046145976502743,248,0.001
20240511235615,167,239.0,138.38,0.04590092975127031,4.809946537017822,0.18855684516737714,239,0.001
20240511235615,168,165.0,139.8,0.04168670623319298,3.3252084255218506,0.18667127671570335,165,0.001
20240511235615,169,321.0,142.8,0.0705142363155577,6.461149215698242,0.18480456394854633,321,0.001
20240511235615,170,229.0,144.79,0.06914099317163167,4.6176698207855225,0.18295651830906087,229,0.001
20240511235615,171,213.0,146.24,0.04660055675451825,4.2817206382751465,0.18112695312597027,213,0.001
20240511235615,172,217.0,147.97,0.04962436634019208,4.366667747497559,0.17931568359471056,217,0.001
20240511235615,173,177.0,149.27,0.05321575197956247,3.560739278793335,0.17752252675876345,177,0.001
20240511235615,174,329.0,152.44,0.060020686878883865,6.630804777145386,0.17574730149117582,329,0.001
20240511235615,175,225.0,154.16,0.05167713474834946,4.533781051635742,0.17398982847626407,225,0.001
20240511235615,176,82.0,154.35,0.04890235794659125,1.6517302989959717,0.17224993019150142,82,0.001
20240511235615,177,232.0,155.72,0.054939465174552914,4.666764497756958,0.1705274308895864,232,0.001
20240511235615,178,189.0,156.51,0.02665258890597868,3.801835775375366,0.16882215658069055,189,0.001
20240511235615,179,153.0,156.92,0.03988875099924334,3.0797572135925293,0.16713393501488363,153,0.001
20240511235615,180,129.0,157.97,0.09660457852249357,2.594373941421509,0.16546259566473479,129,0.001
20240511235615,181,106.0,158.7,0.021542429532903147,2.1394641399383545,0.16380796970808745,106,0.001
20240511235615,182,211.0,159.37,0.029947832709686366,4.2441558837890625,0.16216989001100657,211,0.001
20240511235615,183,197.0,160.85,0.022831468372539163,3.9540517330169678,0.1605481911108965,197,0.001
20240511235615,184,100.0,161.24,0.006144745506544555,2.0098884105682373,0.15894270919978754,100,0.001
20240511235615,185,181.0,162.31,0.08626462656987431,3.6405675411224365,0.15735328210778965,181,0.001
20240511235615,186,131.0,163.24,0.07672516192257511,2.6287386417388916,0.15577974928671176,131,0.001
20240511235615,187,121.0,164.01,0.04226944694817525,2.4264893531799316,0.15422195179384465,121,0.001
20240511235615,188,370.0,167.07,0.06831500436225905,7.436441898345947,0.1526797322759062,370,0.001
20240511235615,189,187.0,168.1,0.05767398641463061,3.7596001625061035,0.15115293495314713,187,0.001
20240511235615,190,240.0,169.54,0.0757509054679773,4.820500373840332,0.14964140560361566,240,0.001
20240511235615,191,366.0,172.88,0.01224271307810256,7.3467347621917725,0.1481449915475795,366,0.001
20240511235615,192,439.0,176.05,0.04039797259677551,8.81387209892273,0.1466635416321037,439,0.001
20240511235615,193,249.0,178.21,0.06369358341442365,5.011708498001099,0.14519690621578268,249,0.001
20240511235615,194,247.0,180.18,0.04822733299293541,4.967858791351318,0.14374493715362485,247,0.001
20240511235615,195,299.0,182.1,0.02821281803028884,6.011887073516846,0.1423074877820886,299,0.001
20240511235615,196,286.0,183.52,0.041448099037581815,5.7510762214660645,0.1408844129042677,286,0.001
20240511235615,197,95.0,183.49,0.03438216369400511,1.9087026119232178,0.13947556877522502,95,0.001
20240511235615,198,248.0,184.31,0.04675632828819197,4.984127759933472,0.13808081308747278,248,0.001
20240511235615,199,189.0,185.64,0.07039609469345484,3.8040711879730225,0.13670000495659804,189,0.001
20240511235615,200,135.0,184.19,0.032093496618841685,2.715416431427002,0.13533300490703207,135,0.001
20240511235615,201,500.0,185.08,0.038869615659346164,10.053575992584229,0.13397967485796175,500,0.001
20240511235615,202,209.0,186.18,0.04411065262926638,4.191713809967041,0.13263987810938213,209,0.001
20240511235615,203,267.0,187.63,0.05673119546668912,5.371300458908081,0.1313134793282883,267,0.001
20240511235615,204,282.0,188.21,0.0493226445479605,5.667347192764282,0.13000034453500542,282,0.001
20240511235615,205,198.0,188.87,0.03567023959998189,3.976336717605591,0.12870034108965536,198,0.001
20240511235615,206,354.0,192.2,0.07524776091004969,7.124344348907471,0.12741333767875881,354,0.001
20240511235615,207,106.0,192.16,0.049408551067104255,2.1291513442993164,0.12613920430197123,106,0.001
20240511235615,208,317.0,194.8,0.09097555362453473,6.374848365783691,0.12487781225895152,317,0.001
20240511235615,209,143.0,194.8,0.009823750923920809,2.8746399879455566,0.123629034136362,143,0.001
20240511235615,210,493.0,198.27,0.0438802818781672,9.915922164916992,0.12239274379499838,493,0.001
20240511235615,211,283.0,198.93,0.020182918670781785,5.6863462924957275,0.1211688163570484,283,0.001
20240511235615,212,238.0,198.52,0.027786312513298984,4.777273654937744,0.11995712819347792,238,0.001
20240511235615,213,344.0,200.6,0.0822997363087337,6.912545919418335,0.11875755691154315,344,0.001
20240511235615,214,192.0,201.69,0.017796480013315626,3.861781597137451,0.11756998134242772,192,0.001
20240511235615,215,225.0,202.77,0.032294899947458544,4.529225826263428,0.11639428152900344,225,0.001
20240511235615,216,204.0,203.71,0.0276567438959714,4.0973334312438965,0.11523033871371341,204,0.001
20240511235615,217,181.0,203.9,0.033179083661037403,3.6398134231567383,0.11407803532657627,181,0.001
20240511235615,218,198.0,204.42,0.032231087134216116,3.9917681217193604,0.11293725497331052,198,0.001
20240511235615,219,216.0,204.95,0.02029211980133955,4.347635746002197,0.1118078824235774,216,0.001
20240511235615,220,319.0,206.49,0.004384618288809433,6.411855936050415,0.11068980359934164,319,0.001
20240511235615,221,241.0,207.23,0.015068166218907546,4.837784767150879,0.10958290556334822,241,0.001
20240511235615,222,373.0,209.71,0.06309151037498109,7.494540691375732,0.10848707650771475,373,0.001
20240511235615,223,389.0,212.07,0.02833285210108125,7.846750497817993,0.1074022057426376,389,0.001
20240511235615,224,500.0,216.18,0.02081897133137601,10.070992708206177,0.10632818368521123,500,0.001
20240511235615,225,299.0,218.06,0.05535525291156477,6.008655548095703,0.10526490184835911,299,0.001
20240511235615,226,201.0,219.22,0.011242211796601459,4.056358337402344,0.10421225282987552,201,0.001
20240511235615,227,309.0,220.79,0.030642362855137245,6.22101092338562,0.10317013030157676,309,0.001
20240511235615,228,294.0,221.77,0.02901753999170474,5.9172282218933105,0.10213842899856099,294,0.001
20240511235615,229,292.0,222.96,0.03634267707949335,5.879312515258789,0.10111704470857538,292,0.001
20240511235615,230,215.0,222.35,0.07136496506877044,4.3316123485565186,0.10010587426148963,215,0.001
20240511235615,231,239.0,223.28,0.034237302879449434,4.814878702163696,0.1,239,0.001
20240511235615,232,422.0,226.52,0.04681977900933941,8.498727560043335,0.1,422,0.001
20240511235615,233,334.0,228.5,0.04495483313586025,6.739422559738159,0.1,334,0.001
20240511235615,234,433.0,228.79,0.06338984388193719,8.720951557159424,0.1,433,0.001
20240511235615,235,170.0,229.73,0.0420869127302492,3.4242968559265137,0.1,170,0.001
20240511235615,236,80.0,229.17,0.032403026487882985,1.613283634185791,0.1,80,0.001
20240511235615,237,228.0,230.93,0.03665134806209406,4.586878776550293,0.1,228,0.001
20240511235615,238,271.0,232.23,0.028347727069011133,5.455179929733276,0.1,271,0.001
20240511235615,239,247.0,233.09,0.02157164721536686,4.96687126159668,0.1,247,0.001
20240511235615,240,257.0,233.34,0.017794011250130286,5.173457145690918,0.1,257,0.001
20240511235615,241,211.0,233.73,0.022375057259738804,4.241090536117554,0.1,211,0.001
20240511235615,242,500.0,237.66,0.033261632347362104,10.061261177062988,0.1,500,0.001
20240511235615,243,435.0,240.35,0.04108158123102099,8.756839990615845,0.1,435,0.001
20240511235615,244,328.0,243.0,0.0921437382076744,6.586684226989746,0.1,328,0.001
20240511235615,245,73.0,241.99,0.041233085649394687,1.4682950973510742,0.1,73,0.001
20240511235615,246,179.0,241.91,0.04717726021995564,3.6085078716278076,0.1,179,0.001
20240511235615,247,321.0,244.05,0.07997228889849953,6.469135522842407,0.1,321,0.001
20240511235615,248,210.0,241.55,0.0250752013548913,4.230608940124512,0.1,210,0.001
20240511235615,249,266.0,241.25,0.03129683398289039,5.352054595947266,0.1,266,0.001
20240511235615,250,278.0,243.23,0.016390032508781485,5.596165657043457,0.1,278,0.001
20240511235615,251,343.0,246.22,0.03166374972849516,6.906823396682739,0.1,343,0.001
20240511235615,252,189.0,245.27,0.0317113270612275,3.8096165657043457,0.1,189,0.001
20240511235615,253,500.0,247.91,0.0055379287979057685,10.060789108276367,0.1,500,0.001
20240511235615,254,282.0,249.15,0.015409923503245045,5.680320978164673,0.1,282,0.001
20240511235615,255,327.0,250.16,0.06072959352111431,6.596133708953857,0.1,327,0.001
20240511235615,256,200.0,251.6,0.04290826686236073,4.0241100788116455,0.1,200,0.001
20240511235615,257,230.0,252.48,0.025981043041649728,4.636843681335449,0.1,230,0.001
20240511235615,258,500.0,255.26,0.021679574856688474,10.07041883468628,0.1,500,0.001
20240511235615,259,373.0,257.98,0.025326572311383,7.508182764053345,0.1,373,0.001
20240511235615,260,367.0,260.49,0.03575609773317531,7.3925697803497314,0.1,367,0.001
20240511235615,261,269.0,261.45,0.08407632660434983,5.4174644947052,0.1,269,0.001
20240511235615,262,210.0,260.71,0.07368179705668751,4.230736970901489,0.1,210,0.001
20240511235615,263,445.0,262.9,0.029372051123082336,8.968822002410889,0.1,445,0.001
20240511235615,264,411.0,264.56,0.07256471698825073,8.285242557525635,0.1,411,0.001
20240511235615,265,315.0,263.7,0.014428097822448104,6.347980976104736,0.1,315,0.001
20240511235615,266,500.0,266.22,0.004327595929346325,10.048561334609985,0.1,500,0.001
20240511235615,267,368.0,267.51,0.022987716614550444,7.407352924346924,0.1,368,0.001
20240511235615,268,236.0,268.22,0.014776872446722345,4.745564937591553,0.1,236,0.001
20240511235615,269,225.0,267.26,0.03036087818980977,4.534104347229004,0.1,225,0.001
20240511235615,270,364.0,268.61,0.026339445230692954,7.337613105773926,0.1,364,0.001
20240511235615,271,159.0,268.07,0.05288983864357334,3.206181049346924,0.1,159,0.001
20240511235615,272,240.0,268.3,0.052922246429403144,4.843559980392456,0.1,240,0.001
20240511235615,273,356.0,270.09,0.026691076445329646,7.174908638000488,0.1,356,0.001
20240511235615,274,500.0,271.8,0.02239353284701744,10.075650453567505,0.1,500,0.001
20240511235615,275,425.0,273.8,0.03765454836138564,9.332422018051147,0.1,425,0.001
20240511235615,276,262.0,275.6,0.032023802031800566,6.0546815395355225,0.1,262,0.001
20240511235615,277,205.0,275.33,0.018165982949126237,4.1407976150512695,0.1,205,0.001
20240511235615,278,329.0,276.73,0.01952246053744208,6.642859697341919,0.1,329,0.001
20240511235615,279,250.0,277.7,0.04207068975603056,5.045201778411865,0.1,250,0.001
20240511235615,280,229.0,278.7,0.029358267710201363,4.6197967529296875,0.1,229,0.001
20240511235615,281,500.0,282.64,0.03260654239006008,10.10450005531311,0.1,500,0.001
20240511235615,282,46.0,280.99,0.026125915625584837,0.9325332641601562,0.1,46,0.001
20240511235615,283,220.0,281.22,0.04813350249640313,4.442545652389526,0.1,220,0.001
20240511235615,284,500.0,285.22,0.015167728049551073,10.094367504119873,0.1,500,0.001
20240511235615,285,275.0,286.16,0.0174022951673463,5.552543640136719,0.1,275,0.001
20240511235615,286,298.0,287.83,0.036377067907267635,6.017421007156372,0.1,298,0.001
20240511235615,287,227.0,288.89,0.03494132913174455,4.577649354934692,0.1,227,0.001
20240511235615,288,500.0,290.19,0.057106303156603644,10.091397047042847,0.1,500,0.001
20240511235615,289,118.0,289.5,0.02283201646367676,2.3767247200012207,0.1,118,0.001
20240511235615,290,207.0,289.17,0.04115678595127031,4.172891616821289,0.1,207,0.001
20240511235615,291,230.0,287.81,0.03788160832093563,4.635694980621338,0.1,230,0.001
20240511235615,292,393.0,287.35,0.018570039807029388,7.92921781539917,0.1,393,0.001
20240511235615,293,361.0,288.47,0.026321290581299846,7.284347295761108,0.1,361,0.001
20240511235615,294,316.0,289.16,0.02229993213170863,6.379995822906494,0.1,316,0.001
20240511235615,295,328.0,289.45,0.006922082704128481,6.618561744689941,0.1,328,0.001
20240511235615,296,448.0,291.07,0.009421355941013511,9.051559686660767,0.1,448,0.001
20240511235615,297,388.0,294.0,0.03634177784902419,7.845158815383911,0.1,388,0.001
20240511235615,298,419.0,295.71,0.010954301878976858,8.46035885810852,0.1,419,0.001
20240511235615,299,374.0,297.56,0.023613876682838677,7.559953451156616,0.1,374,0.001
20240511235615,300,430.0,300.51,0.003546139421526166,8.679932594299316,0.1,430,0.001
20240511235615,301,323.0,298.74,0.03579686528665141,6.522200345993042,0.1,323,0.001
20240511235615,302,273.0,299.38,0.030629450489200846,5.519180059432983,0.1,273,0.001
20240511235615,303,226.0,298.97,0.0034525678578165263,4.5777504444122314,0.1,226,0.001
20240511235615,304,426.0,300.41,0.06181435086889408,8.590909004211426,0.1,426,0.001
20240511235615,305,279.0,301.22,0.04340539235399028,5.63128399848938,0.1,279,0.001
20240511235615,306,170.0,299.38,0.016282425885806726,3.431211471557617,0.1,170,0.001
20240511235615,307,339.0,301.71,0.0325855506928386,6.842504978179932,0.1,339,0.001
20240511235615,308,258.0,301.12,0.01377757693473775,5.207150936126709,0.1,258,0.001
20240511235615,309,491.0,304.6,0.0029580039917139487,9.906342267990112,0.1,491,0.001
20240511235615,310,292.0,302.59,0.04792202601978787,5.901054620742798,0.1,292,0.001
20240511235615,311,210.0,301.86,0.029369110503981777,4.231441020965576,0.1,210,0.001
20240511235615,312,250.0,301.98,0.0410934167968322,5.033493518829346,0.1,250,0.001
20240511235615,313,254.0,301.08,0.05448055846991333,5.130328178405762,0.1,254,0.001
20240511235615,314,317.0,302.33,0.019137364867959666,6.393162965774536,0.1,317,0.001
20240511235615,315,264.0,302.72,0.004144405022049994,5.322184324264526,0.1,264,0.001
20240511235615,316,500.0,305.68,0.016364949098145475,10.08005690574646,0.1,500,0.001
20240511235615,317,316.0,307.03,0.029281821536210194,6.3865063190460205,0.1,316,0.001
20240511235615,318,230.0,307.35,0.052480570845290966,4.638845443725586,0.1,230,0.001
20240511235615,319,292.0,308.11,0.01668047834298824,5.898889541625977,0.1,292,0.001
20240511235615,320,423.0,309.15,0.027212271530903786,8.53748631477356,0.1,423,0.001
20240511235615,321,500.0,311.74,0.020416086428200496,10.08427095413208,0.1,500,0.001
20240511235615,322,374.0,311.75,0.015249602435962134,7.554174184799194,0.1,374,0.001
20240511235615,323,353.0,311.39,0.01476220954796931,7.118353605270386,0.1,353,0.001
20240511235615,324,294.0,309.33,0.036692476995073234,5.946622371673584,0.1,294,0.001
20240511235615,325,406.0,310.4,0.04991821741801811,8.193920612335205,0.1,406,0.001
20240511235615,326,356.0,311.95,0.03193116854833643,7.180991172790527,0.1,356,0.001
20240511235615,327,220.0,311.06,0.0031077544335298608,4.450702905654907,0.1,220,0.001
20240511235615,328,500.0,313.12,0.050129589460672606,10.098528623580933,0.1,500,0.001
20240511235615,329,298.0,313.18,0.025386358426492978,6.0078887939453125,0.1,298,0.001
20240511235615,330,285.0,313.88,0.007001681017162487,5.748636722564697,0.1,285,0.001
20240511235615,331,286.0,314.35,0.0166377209870048,5.796143531799316,0.1,286,0.001
20240511235615,332,184.0,311.97,0.011509648597091549,3.7123470306396484,0.1,184,0.001
20240511235615,333,228.0,310.91,0.023036877668816045,4.596466541290283,0.1,228,0.001
20240511235615,334,357.0,310.15,0.03529218558543004,7.203977108001709,0.1,357,0.001
20240511235615,335,239.0,310.84,0.02131801507449198,4.826620817184448,0.1,239,0.001
20240511235615,336,384.0,313.88,0.0561754026415884,7.74868369102478,0.1,384,0.001
20240511235615,337,75.0,312.35,0.038015283108336885,1.5103590488433838,0.1,75,0.001
20240511235615,338,239.0,312.03,0.03931273239989929,4.820742130279541,0.1,239,0.001
20240511235615,339,222.0,311.78,0.017747933735602506,4.482951879501343,0.1,222,0.001
20240511235615,340,357.0,312.78,0.03850011548145302,7.197566986083984,0.1,357,0.001
20240511235615,341,408.0,314.75,0.03307854264590378,8.226919651031494,0.1,408,0.001
20240511235615,342,389.0,313.64,0.00957140938405269,7.861743927001953,0.1,389,0.001
20240511235615,343,500.0,314.29,0.03176785123748836,10.108532428741455,0.1,500,0.001
20240511235615,344,316.0,314.17,0.025394869488613702,6.388694763183594,0.1,316,0.001
20240511235615,345,352.0,316.96,0.027131752057443597,7.122255563735962,0.1,352,0.001
20240511235615,346,72.0,315.89,0.029655010800594867,1.4533355236053467,0.1,72,0.001
20240511235615,347,257.0,315.25,0.03170121904712084,5.183189153671265,0.1,257,0.001
20240511235615,348,500.0,318.15,0.045396663728534334,10.091109275817871,0.1,500,0.001
20240511235615,349,249.0,317.98,0.03878260651491953,5.0284717082977295,0.1,249,0.001
20240511235615,350,406.0,319.26,0.06488782646177928,8.202008962631226,0.1,406,0.001
20240511235615,351,138.0,317.21,0.020445681277905456,2.790619134902954,0.1,138,0.001
20240511235615,352,265.0,317.97,0.0521571265040125,5.34203577041626,0.1,265,0.001
20240511235615,353,214.0,315.11,0.05164764698101265,4.323944807052612,0.1,214,0.001
20240511235615,354,457.0,316.86,0.023480493378076218,9.231211423873901,0.1,457,0.001
20240511235615,355,366.0,317.25,0.028935426122897793,7.399572134017944,0.1,366,0.001
20240511235615,356,312.0,318.37,0.02663790552420542,6.294748067855835,0.1,312,0.001
20240511235615,357,439.0,320.46,0.003488169947303257,8.856547594070435,0.1,439,0.001
20240511235615,358,299.0,318.45,0.026984170072263624,6.030578136444092,0.1,299,0.001
20240511235615,359,419.0,318.91,0.03213068932797538,8.449424743652344,0.1,419,0.001
20240511235615,360,500.0,320.24,0.032612969857383635,10.095690488815308,0.1,500,0.001
20240511235615,361,203.0,319.58,0.032409562569105925,4.088124990463257,0.1,203,0.001
20240511235615,362,331.0,320.79,0.002713109300809492,6.672577381134033,0.1,331,0.001
20240511235615,363,281.0,319.15,0.01238968581987371,5.677688121795654,0.1,281,0.001
20240511235615,364,259.0,317.63,0.03829521122030442,5.243183374404907,0.1,259,0.001
20240511235615,365,218.0,316.66,0.04809030926097032,4.408028841018677,0.1,218,0.001
20240511235615,366,237.0,314.03,0.032246635867638575,4.787550687789917,0.1,237,0.001
20240511235615,367,174.0,312.09,0.01793497277860244,3.5181031227111816,0.1,174,0.001
20240511235615,368,185.0,311.58,0.0349345487355848,3.7376158237457275,0.1,185,0.001
20240511235615,369,206.0,311.39,0.04026281575030573,4.161425828933716,0.1,206,0.001
20240511235615,370,253.0,310.28,0.003783085373331727,5.107985973358154,0.1,253,0.001
20240511235615,371,315.0,311.84,0.01474283981437546,6.362127304077148,0.1,315,0.001
20240511235615,372,325.0,312.69,0.0026638370235987007,6.563646078109741,0.1,325,0.001
20240511235615,373,407.0,313.2,0.01747106230305675,8.22929859161377,0.1,407,0.001
20240511235615,374,348.0,311.68,0.012493471539242547,7.037282943725586,0.1,348,0.001
20240511235615,375,216.0,309.59,0.0321742692932816,4.3663084506988525,0.1,216,0.001
20240511235615,376,264.0,309.61,0.032961645975211104,5.327373743057251,0.1,264,0.001
20240511235615,377,237.0,309.93,0.02899650662480085,4.793694496154785,0.1,237,0.001
20240511235615,378,191.0,308.55,0.03206103186224617,3.8515498638153076,0.1,191,0.001
20240511235615,379,300.0,309.05,0.027070205525956216,6.071062803268433,0.1,300,0.001
20240511235615,380,286.0,309.62,0.02275773500090633,5.769427537918091,0.1,286,0.001
20240511235615,381,500.0,309.62,0.002356592630560586,10.091438293457031,0.1,500,0.001
20240511235615,382,500.0,314.16,0.0030264358820554873,10.088386535644531,0.1,500,0.001
20240511235615,383,500.0,316.96,0.01703648147740488,10.080301523208618,0.1,500,0.001
20240511235615,384,366.0,315.62,0.012549584648730332,7.381766319274902,0.1,366,0.001
20240511235615,385,500.0,317.87,0.03692924828393143,10.094393014907837,0.1,500,0.001
20240511235615,386,500.0,319.89,0.031244489924252054,10.096436738967896,0.1,500,0.001
20240511235615,387,283.0,320.45,0.0026569109382799843,5.718908071517944,0.1,283,0.001
20240511235615,388,350.0,318.95,0.028723000943241137,7.070567607879639,0.1,350,0.001
20240511235615,389,225.0,320.02,0.06276263563055114,4.558577060699463,0.1,225,0.001
20240511235615,390,472.0,322.67,0.00460987537698426,9.513811349868774,0.1,472,0.001
20240511235615,391,369.0,324.06,0.0029075433410688466,7.452399015426636,0.1,369,0.001
20240511235615,392,363.0,323.76,0.025961268794420136,7.320173501968384,0.1,363,0.001
20240511235615,393,418.0,324.33,0.030076257277040497,8.437907695770264,0.1,418,0.001
20240511235615,394,500.0,326.17,0.002737278105341205,10.088712453842163,0.1,500,0.001
20240511235615,395,397.0,326.86,0.03868464855872009,8.023972511291504,0.1,397,0.001
20240511235615,396,134.0,323.72,0.01871355670819832,2.70377516746521,0.1,134,0.001
20240511235615,397,231.0,322.15,0.012833726159263712,4.656587839126587,0.1,231,0.001
20240511235615,398,500.0,322.96,0.05922494958493901,10.08573842048645,0.1,500,0.001
20240511235615,399,500.0,324.22,0.04215025424716541,10.104565143585205,0.1,500,0.001
20240511235615,400,398.0,323.9,0.02534314300825826,8.031538724899292,0.1,398,0.001
20240511235615,401,500.0,325.67,0.027920319316980434,10.080679893493652,0.1,500,0.001
20240511235615,402,414.0,327.08,0.03505673227191715,8.353293895721436,0.1,414,0.001
20240511235615,403,350.0,328.32,0.05397804810111899,7.059479713439941,0.1,350,0.001
20240511235615,404,249.0,326.55,0.02014491313860793,5.017903566360474,0.1,249,0.001
20240511235615,405,500.0,328.76,0.05664374311633667,10.092142105102539,0.1,500,0.001
20240511235615,406,339.0,330.45,0.00995943041577155,6.8517906665802,0.1,339,0.001
20240511235615,407,334.0,330.4,0.023688682347767904,6.747234344482422,0.1,334,0.001
20240511235615,408,500.0,332.82,0.044251382731377034,10.094327449798584,0.1,500,0.001
20240511235615,409,182.0,329.73,0.02768551001362762,3.672111749649048,0.1,182,0.001
20240511235615,410,377.0,330.58,0.018753904785631954,7.608579158782959,0.1,377,0.001
20240511235615,411,437.0,332.85,0.045529591668708125,8.825649738311768,0.1,437,0.001
20240511235615,412,343.0,333.78,0.025134905951371984,6.9230427742004395,0.1,343,0.001
20240511235615,413,369.0,334.93,0.01742536894920979,7.442412853240967,0.1,369,0.001
20240511235615,414,348.0,335.24,0.05361129117579489,7.039978504180908,0.1,348,0.001
20240511235615,415,276.0,335.36,0.020249852364804925,5.5786638259887695,0.1,276,0.001
20240511235615,416,476.0,335.12,0.028278143365779315,9.60944652557373,0.1,476,0.001
20240511235615,417,469.0,336.65,0.017339363173009784,9.473285913467407,0.1,469,0.001
20240511235615,418,500.0,339.35,0.05950775438804353,10.101917743682861,0.1,500,0.001
20240511235615,419,464.0,341.07,0.028696753323505447,9.360828161239624,0.1,464,0.001
20240511235615,420,292.0,339.76,0.04281952419735262,5.896373510360718,0.1,292,0.001
20240511235615,421,452.0,339.28,0.0031940670843185557,9.12437391281128,0.1,452,0.001
20240511235615,422,500.0,340.54,0.014414819423407917,10.102110147476196,0.1,500,0.001
20240511235615,423,433.0,341.34,0.025090586087344918,8.740788221359253,0.1,433,0.001
20240511235615,424,204.0,340.44,0.0354517127168385,4.122760534286499,0.1,204,0.001
20240511235615,425,453.0,340.91,0.029360941464056614,9.138030529022217,0.1,453,0.001
20240511235615,426,391.0,341.26,0.015026527278134897,7.917821884155273,0.1,391,0.001
20240511235615,427,439.0,343.45,0.02454726448187087,8.864516973495483,0.1,439,0.001
20240511235615,428,498.0,343.43,0.01140409347330311,10.055046558380127,0.1,498,0.001
20240511235615,429,500.0,345.45,0.0023063095072224965,10.090864419937134,0.1,500,0.001
20240511235615,430,381.0,346.41,0.04564025473339622,7.6893956661224365,0.1,381,0.001
20240511235615,431,421.0,347.76,0.02526875438204515,8.496944904327393,0.1,421,0.001
20240511235615,432,500.0,350.92,0.02372632339730967,10.093863725662231,0.1,500,0.001
20240511235615,433,444.0,353.08,0.02073637510604867,8.98177456855774,0.1,444,0.001
20240511235615,434,471.0,354.22,0.039018725826313425,9.499802827835083,0.1,471,0.001
20240511235615,435,427.0,356.1,0.027812571532081685,8.606705904006958,0.1,427,0.001
20240511235615,436,324.0,355.5,0.025614308911841067,6.544421434402466,0.1,324,0.001
20240511235615,437,386.0,358.61,0.019299611420156768,7.795728445053101,0.1,386,0.001
20240511235615,438,500.0,361.22,0.0323321148038682,10.100151300430298,0.1,500,0.001
20240511235615,439,259.0,361.59,0.02512518513824352,5.226120948791504,0.1,259,0.001
20240511235615,440,231.0,360.33,0.031575812034099836,4.664809942245483,0.1,231,0.001
20240511235615,441,213.0,358.38,0.0034175175624715287,4.2957916259765625,0.1,213,0.001
20240511235615,442,500.0,359.49,0.011662532386502184,10.092539548873901,0.1,500,0.001
20240511235615,443,449.0,358.98,0.018146288779556947,9.082522630691528,0.1,449,0.001
20240511235615,444,470.0,360.52,0.03181706317887871,9.488393545150757,0.1,470,0.001
20240511235615,445,394.0,360.94,0.02937128342572124,7.950836181640625,0.1,394,0.001
20240511235615,446,287.0,363.09,0.03075623682625209,5.792818307876587,0.1,287,0.001
20240511235615,447,246.0,362.98,0.0018544372214787102,4.955625772476196,0.1,246,0.001
20240511235615,448,400.0,361.98,0.018892956193065472,8.070773363113403,0.1,400,0.001
20240511235615,449,404.0,363.53,0.04428935131696921,8.150503158569336,0.1,404,0.001
20240511235615,450,331.0,362.78,0.01583397548009349,6.660114288330078,0.1,331,0.001
20240511235615,451,277.0,364.17,0.05322562939208182,5.58085823059082,0.1,277,0.001
20240511235615,452,326.0,364.78,0.020126396750176686,6.5539374351501465,0.1,326,0.001
20240511235615,453,299.0,365.63,0.03388526735880784,6.00283145904541,0.1,299,0.001
20240511235615,454,84.0,361.9,0.015039412392526614,1.6874282360076904,0.1,84,0.001
20240511235615,455,195.0,360.19,0.013745190239246632,3.9301207065582275,0.1,195,0.001
20240511235615,456,353.0,360.6,0.022224322521276107,7.11885929107666,0.1,353,0.001
20240511235615,457,223.0,358.44,0.03964919869917749,4.491842985153198,0.1,223,0.001
20240511235615,458,434.0,359.79,0.02512465970212017,8.748400926589966,0.1,434,0.001
20240511235615,459,417.0,359.77,0.01902349212394462,8.386854648590088,0.1,417,0.001
20240511235615,460,417.0,358.94,0.022446279154529857,8.389093160629272,0.1,417,0.001
20240511235615,461,369.0,360.6,0.019165266844880582,7.45714545249939,0.1,369,0.001
20240511235615,462,317.0,360.46,0.01869680596735315,6.39223051071167,0.1,317,0.001
20240511235615,463,253.0,360.18,0.032343937105768744,5.095836400985718,0.1,253,0.001
20240511235615,464,349.0,361.08,0.03254518374354955,7.017629861831665,0.1,349,0.001
20240511235615,465,348.0,362.38,0.0030183616075818353,7.00501012802124,0.1,348,0.001
20240511235615,466,392.0,363.93,0.025925828719222097,7.90364408493042,0.1,392,0.001
20240511235615,467,400.0,366.19,0.013101183946896574,8.039769411087036,0.1,400,0.001
20240511235615,468,414.0,368.48,0.06478737115285056,8.336041688919067,0.1,414,0.001
20240511235615,469,238.0,368.8,0.021825467499289257,4.79604697227478,0.1,238,0.001
20240511235615,470,312.0,369.39,0.02685059927624491,6.296422958374023,0.1,312,0.001
20240511235615,471,284.0,369.08,0.009668029061472004,5.72117280960083,0.1,284,0.001
20240511235615,472,319.0,369.02,0.020955104597529493,6.430384874343872,0.1,319,0.001
20240511235615,473,447.0,369.42,0.003484626702297412,9.002793073654175,0.1,447,0.001
20240511235615,474,308.0,369.02,0.002919158788024978,6.19987940788269,0.1,308,0.001
20240511235615,475,365.0,370.51,0.016631557519793862,7.356841325759888,0.1,365,0.001
20240511235615,476,376.0,371.63,0.024144101869491223,7.574899911880493,0.1,376,0.001
20240511235615,477,500.0,374.26,0.024972410651396812,10.066528797149658,0.1,500,0.001
20240511235615,478,495.0,377.3,0.03163958473183665,9.9789400100708,0.1,495,0.001
20240511235615,479,123.0,375.53,0.0390632592111603,2.480198860168457,0.1,123,0.001
20240511235615,480,193.0,374.6,0.002940300345926336,3.897555112838745,0.1,193,0.001
20240511235615,481,261.0,372.21,0.05067311500678328,5.244393348693848,0.1,261,0.001
20240511235615,482,333.0,370.54,0.02346235415783569,6.71396279335022,0.1,333,0.001
20240511235615,483,275.0,368.29,0.04525048546910212,5.533992052078247,0.1,275,0.001
20240511235615,484,338.0,368.01,0.031022414964872375,6.8022096157073975,0.1,338,0.001
20240511235615,485,103.0,364.04,0.018767074782646078,2.069932222366333,0.1,103,0.001
20240511235615,486,175.0,360.79,0.02441193933292223,3.5231640338897705,0.1,175,0.001
20240511235615,487,244.0,360.4,0.02446144485138014,4.915199518203735,0.1,244,0.001
20240511235615,488,290.0,359.8,0.004321228966610302,5.829702138900757,0.1,290,0.001
20240511235615,489,337.0,360.92,0.027246067705855616,6.773297309875488,0.1,337,0.001
20240511235615,490,364.0,359.84,0.01754445598012073,7.334200382232666,0.1,364,0.001
20240511235615,491,500.0,361.15,0.023856396609249483,10.061236143112183,0.1,500,0.001
20240511235615,492,256.0,360.08,0.02598859556962476,5.155426740646362,0.1,256,0.001
20240511235615,493,108.0,356.98,0.007786101447596935,2.1736690998077393,0.1,108,0.001
20240511235615,494,196.0,353.94,0.025378455884020327,3.949955463409424,0.1,196,0.001
20240511235615,495,267.0,352.64,0.0026643616955881345,5.372194528579712,0.1,267,0.001
20240511235615,496,469.0,355.99,0.004094726739640227,9.440937757492065,0.1,469,0.001
20240511235615,497,500.0,358.68,0.028381471780857856,10.081074953079224,0.1,500,0.001
20240511235615,498,193.0,355.61,0.015774512532159765,3.887125253677368,0.1,193,0.001
20240511235615,499,230.0,352.91,0.0261756065048385,4.630484580993652,0.1,230,0.001
20240511235615,500,418.0,353.11,0.018599673404044836,8.428577661514282,0.1,418,0.001
